wallet_address,vasp,blockchain,label_source,label_source_url,label_status,confidence
0x01b8629d722d451ba9dd0a539c2ba11b6dbe68b8,Kraken,ethereum,Dune Analytics,https://dune.com,probable,high
0x675938d86a6a4651b6dbba7529117fb0b557ccf2,Kraken,ethereum,Dune Analytics,https://dune.com,probable,high
0x241361559feef80ef137302153bd9ed2f25db3ef,Kraken,ethereum,Dune Analytics,https://dune.com,probable,high
0x1bd3fc5ac794e7af8e834a8a4d25b08acd9266ce,Coinbase,ethereum,Dune Analytics,https://dune.com,probable,high
0x4d8336bda6c11bd2a805c291ec719baedd10acb9,Coinbase,ethereum,Dune Analytics,https://dune.com,probable,high
0x382ffce2287252f930e1c8dc9328dac5bf282ba1,Coinbase,ethereum,Dune Analytics,https://dune.com,probable,high
0xdf61e3281fb5b1c3da3ff92865875d7751ad830b,Coinbase,ethereum,Dune Analytics,https://dune.com,probable,high
0x6e5d44060fac77c126a75fa1f7bfaf224ab52c1e,Coinbase,ethereum,Dune Analytics,https://dune.com,probable,high
0x6dcbce46a8b494c885d0e7b6817d2b519df64467,Coinbase,ethereum,Dune Analytics,https://dune.com,probable,high
0x0af5035a8dff53f5a89bfc083fdec94c7332ad7a,Coinbase,ethereum,Dune Analytics,https://dune.com,probable,high
0x99e94ceb81df9e2092f200dd6094e59a8550022a,Coinbase,ethereum,Dune Analytics,https://dune.com,probable,high
0xd8cb0c12b1d209507c64ac0b448a02497ca7c705,Coinbase,ethereum,Dune Analytics,https://dune.com,probable,high
0x3dce541d185e6893e53b2f817cf435cc28291713,Kraken,ethereum,Dune Analytics,https://dune.com,probable,high
0x68ee447f886fa729f2e8723296572a93932affca,Kraken,ethereum,Dune Analytics,https://dune.com,probable,high
0xb874005cbea25c357b31c62145b3aef219d105cf,Kraken,ethereum,Dune Analytics,https://dune.com,probable,high
0x30e84f627ebc336eee72cd720a837e6f75d865d5,Kraken,ethereum,Dune Analytics,https://dune.com,probable,high
0x7322367325b4769400a1eafb1e2b41d6e966153a,Kraken,ethereum,Dune Analytics,https://dune.com,probable,high
0x86631784b0d170c6562f34ca3c7d84388b246d54,Kraken,ethereum,Dune Analytics,https://dune.com,probable,high
0x210b3cb99fa1de0a64085fa80e18c22fe4722a1b,Kraken,ethereum,Dune Analytics,https://dune.com,probable,high
0xc9ebc59a7590e52b0904817f172ac82fc66a530b,Coinbase,ethereum,Dune Analytics,https://dune.com,probable,high
0x20ed4ef14cce5c4c064c3858f557f1422dd156e3,Coinbase,ethereum,Dune Analytics,https://dune.com,probable,high
0x190a3fc38f82d07eca99592a5427eff331e8e62f,Coinbase,ethereum,Dune Analytics,https://dune.com,probable,high
0x7453cdce4d98e8aac6bcb7ada980467ad1c3a5fa,Coinbase,ethereum,Dune Analytics,https://dune.com,probable,high
0x299cc8e603077b2bdcf265b600cf004c2cf77401,Coinbase,ethereum,Dune Analytics,https://dune.com,probable,high
0x53ab4a93b31f480d17d3440a6329bda86869458a,Kraken,ethereum,Dune Analytics,https://dune.com,probable,high
0xb05b5d96e61df493548e85ec8f2d46482dcb16a3,Kraken,ethereum,Dune Analytics,https://dune.com,probable,high
0x62ac55b745f9b08f1a81dcbbe630277095cf4be1,Kraken,ethereum,Dune Analytics,https://dune.com,probable,high
0xa215c2d7e0d6e3479ca730d318e1dfd22fea357b,Kraken,ethereum,Dune Analytics,https://dune.com,probable,high
0xe05ad2490a469c7cad9b517bb4245733ef497c7f,Kraken,ethereum,Dune Analytics,https://dune.com,probable,high
0x012480c08d20a14cf3cb495e942a94dd926dcc8f,Kraken,ethereum,Dune Analytics,https://dune.com,probable,high
0x69fd3ef67adcb9fd76396e2e4330629c9a8df59f,Kraken,ethereum,Dune Analytics,https://dune.com,probable,high
0x45783790b282e8df4900d43febad284f3958d453,Kraken,ethereum,Dune Analytics,https://dune.com,probable,high
0xbcb883ab7f1cafc8c6c5fa7f5af9d064cce73ac1,Coinbase,ethereum,Dune Analytics,https://dune.com,probable,high
0xb8b6fe7f357adeab950ac6c270ce340a46989ce1,Coinbase,ethereum,Dune Analytics,https://dune.com,probable,high
0xc4438cb22169a32d395c7d2e6190ab312337951d,Coinbase,ethereum,Dune Analytics,https://dune.com,probable,high
0x6c8dd0e9cc58c07429e065178d88444b60e60b80,Coinbase,ethereum,Dune Analytics,https://dune.com,probable,high
0x8ab54f9e6df35b26168847ea93dab9659ecf286d,Kraken,ethereum,Dune Analytics,https://dune.com,probable,high
0xa8dcc0373822b94d7f57326be24ca67bafcaad6b,Coinbase,ethereum,Dune Analytics,https://dune.com,probable,high
0xfcaf9c57c26566f96d23f585950bb1c66e138890,Kraken,ethereum,Dune Analytics,https://dune.com,probable,high
0x6c4e92471e8a8d8068894570502000e41fdbbd08,Kraken,ethereum,Dune Analytics,https://dune.com,probable,high
0x72beaf2b92a96aa4b7b12698e31c7e5dd062c3e4,Kraken,ethereum,Dune Analytics,https://dune.com,probable,high
0x098cbdd8eb01b19d37539644821772e9bde12d55,Kraken,ethereum,Dune Analytics,https://dune.com,probable,high
0xe0bb449bb115dbc335aa1ed348b30fffa666c37a,Kraken,ethereum,Dune Analytics,https://dune.com,probable,high
0x5122e9aa635c13afd2fc31de3953e0896bac7ab4,Coinbase,ethereum,Dune Analytics,https://dune.com,probable,high
0x16b2b042f15564bb8585259f535907f375bdc415,Kraken,ethereum,Dune Analytics,https://dune.com,probable,high
0xf491d040110384dbcf7f241ffe2a546513fd873d,Coinbase,ethereum,Dune Analytics,https://dune.com,probable,high
0x3dd1d15b3c78d6acfd75a254e857cbe5b9ff0af2,Coinbase,ethereum,Dune Analytics,https://dune.com,probable,high
0xa861678bee80035114b47615142e9302139a8c32,Kraken,ethereum,Dune Analytics,https://dune.com,probable,high
0x5fac951171b5c9f67cf3a111169887ae7ffefc0b,Coinbase,ethereum,Dune Analytics,https://dune.com,probable,high
0xce352e98934499be70f641353f16a47d9e1e3abd,Coinbase,ethereum,Dune Analytics,https://dune.com,probable,high
0x47073c804a591b0033aa0a7b1a1a35515481052f,Coinbase,ethereum,Dune Analytics,https://dune.com,probable,high
0x333d17d3b42bf7930dbc6e852ca7bcf560a69003,Coinbase,ethereum,Dune Analytics,https://dune.com,probable,high
0xc841b57520101282a42441aca955adcb168786b2,Coinbase,ethereum,Dune Analytics,https://dune.com,probable,high
0x251e93d51c5f2a1e60b7bc90bc8b2534b68e8f40,Coinbase,ethereum,Dune Analytics,https://dune.com,probable,high
0xb624219480543c54603fb6b07d5eb347e51bffe0,Coinbase,ethereum,Dune Analytics,https://dune.com,probable,high
0xff9fbb429c186029c28f1e30361271ea002847ad,Coinbase,ethereum,Dune Analytics,https://dune.com,probable,high
0x25e01082ab471f4325a45da9ea6b8f27b1f042ef,Coinbase,ethereum,Dune Analytics,https://dune.com,probable,high
0xb6fe66f4f56f3aaf60c4e814887af5064ec934f5,Coinbase,ethereum,Dune Analytics,https://dune.com,probable,high
0xe90304b0409151a948c9950ed02c34427237ed37,Coinbase,ethereum,Dune Analytics,https://dune.com,probable,high
0x569940d32cbcadff9e003235e86536871051abaf,Coinbase,ethereum,Dune Analytics,https://dune.com,probable,high
0xe49916b3ff411fc6a83dc31f130e2e85be4a9385,Coinbase,ethereum,Dune Analytics,https://dune.com,probable,high
0x8b413e9550505bd7efa4380659793d59d8b11389,Coinbase,ethereum,Dune Analytics,https://dune.com,probable,high
0x02d24cab4f2c3bf6e6eb07ea07e45f96baccffe7,Coinbase,ethereum,Dune Analytics,https://dune.com,probable,high
0x8914019d12628cce16bc652c39207b604d91d975,Coinbase,ethereum,Dune Analytics,https://dune.com,probable,high
0x2bdcda44d935c12c3a76972c4339975782842a12,Coinbase,ethereum,Dune Analytics,https://dune.com,probable,high
0x18bc4ee79785142f3aa8a893e9153cfded03637b,Coinbase,ethereum,Dune Analytics,https://dune.com,probable,high
0xc5b3a7675e2818c0c6943a2d9ea9a407cbe70f40,Coinbase,ethereum,Dune Analytics,https://dune.com,probable,high
0x52f5f2add61c835ff10550402a46621ebd1071d5,Kraken,ethereum,Dune Analytics,https://dune.com,probable,high
0x3d8a489052fd169349f95222e657088b00d24787,Kraken,ethereum,Dune Analytics,https://dune.com,probable,high
0x0873a4edd6e46108a69d82d85df396692903540e,Kraken,ethereum,Dune Analytics,https://dune.com,probable,high
0x1e22cd8cfa52e950e1f1e78d7e9d59b20df63909,Kraken,ethereum,Dune Analytics,https://dune.com,probable,high
0x83005a942be58a41e3f5a4cdf2384e3a887d3678,Kraken,ethereum,Dune Analytics,https://dune.com,probable,high
0xe2d6ae60244376c311cd4f54a8455ed18977134a,Kraken,ethereum,Dune Analytics,https://dune.com,probable,high
0x17a749f7fa0055618aa5f958d5aa13f5f5d19ea1,Kraken,ethereum,Dune Analytics,https://dune.com,probable,high
0xefd9096faef893f5f4e12481c0897ff1e6ade1a7,Coinbase,ethereum,Dune Analytics,https://dune.com,probable,high
0x735b1c7fde46d12e16952f650ba05211d37b0e17,Kraken,ethereum,Dune Analytics,https://dune.com,probable,high
0x7982a7efbff0cc2da4092d401aa72c6a0a030231,Kraken,ethereum,Dune Analytics,https://dune.com,probable,high
0xc494468cd4826380365aebbfbb1d6bf8bffe73ef,Kraken,ethereum,Dune Analytics,https://dune.com,probable,high
0xed20e72c966da53c6ac5bbcb0ad16ac9f25b8ab0,Kraken,ethereum,Dune Analytics,https://dune.com,probable,high
0xd34ea7278e6bd48defe656bbe263aef11101469c,Coinbase,ethereum,Dune Analytics,https://dune.com,probable,high
0x739120ade7ed878fca5bbdb806263a8258fe2360,Coinbase,ethereum,Dune Analytics,https://dune.com,probable,high
0x98f62d5e3cc0cab1ebc5fa6acac9b66a430788f2,Coinbase,ethereum,Dune Analytics,https://dune.com,probable,high
0xd35724edd7c6208e9050a97ce3ac89f15566abe9,Coinbase,ethereum,Dune Analytics,https://dune.com,probable,high
0x479011b0cb148fd7cd0c3cca0c32f9c6777e577a,Kraken,ethereum,Dune Analytics,https://dune.com,probable,high
0x4442c3e6b5f22b8b4dc3c9329be6c850c5779e85,Kraken,ethereum,Dune Analytics,https://dune.com,probable,high
0x292bf41e2506f88aa3e73721aabc75b4f08e664e,Coinbase,ethereum,Dune Analytics,https://dune.com,probable,high
0x35aeed3aa9657abf8b847038bb591b51e1e4c69f,Coinbase,ethereum,Dune Analytics,https://dune.com,probable,high
0x714e4559f5488d6c0abde6fa88a64e0b269f25c0,Coinbase,ethereum,Dune Analytics,https://dune.com,probable,high
0x6cd5dab3abac9d884ba31270ae0d559e60ee703e,Coinbase,ethereum,Dune Analytics,https://dune.com,probable,high
0x2a410f11a6f520398447bf423dcedd25dfd3a568,Coinbase,ethereum,Dune Analytics,https://dune.com,probable,high
0xcb39c5b0db9c5b6bd1d9273dccc2f98f532a8bc6,Coinbase,ethereum,Dune Analytics,https://dune.com,probable,high
0x8af8485e1f178be06386cd3877fde20626e0284f,Coinbase,ethereum,Dune Analytics,https://dune.com,probable,high
0x0fa2415a6e34168c600a2c3dbc893fbf82f4180a,Coinbase,ethereum,Dune Analytics,https://dune.com,probable,high
0x55c4bf24450ecb6f818f6be5881a4fc491deb01e,Coinbase,ethereum,Dune Analytics,https://dune.com,probable,high
0x969e3afc5580f0bc3790d789781be4150c43d510,Coinbase,ethereum,Dune Analytics,https://dune.com,probable,high
0xaee7cb232f11e652751696aa1d2cf14594fb2983,Kraken,ethereum,Dune Analytics,https://dune.com,probable,high
0x34036f30371847c9fd8036b7ea5af1b3126306dc,Kraken,ethereum,Dune Analytics,https://dune.com,probable,high
0x24b4eae904632c53ee231e3bd6c4444745ce22c0,Kraken,ethereum,Dune Analytics,https://dune.com,probable,high
0x109be9d7d5f64c8c391ced3a8f69bdef20fcaea9,Kraken,ethereum,Dune Analytics,https://dune.com,probable,high
0x6675038e71627be276d6347ec330c0c5fdcace61,Kraken,ethereum,Dune Analytics,https://dune.com,probable,high
0xdbad7f38cac7ff6521d3acf242349dfbb5fa965d,Kraken,ethereum,Dune Analytics,https://dune.com,probable,high
0x226e5888f43b251a5ef1a55b01761f452e8002a5,Kraken,ethereum,Dune Analytics,https://dune.com,probable,high
0xd47b4a4c6207b1ee0eb1dd4e5c46a19b50fec00b,Coinbase,ethereum,Dune Analytics,https://dune.com,probable,high
0x0068f06b31608d24efcff8aa98437227c6f549fc,Coinbase,ethereum,Dune Analytics,https://dune.com,probable,high
0x5ccdd1bc112279f93fa364c40e8a5716d2daf666,Coinbase,ethereum,Dune Analytics,https://dune.com,probable,high
0x9810762578accf1f314320cca5b72506ae7d7630,Coinbase,ethereum,Dune Analytics,https://dune.com,probable,high
0x46ce00ec0866e7a045d2f2778558efee05c4fb08,Coinbase,ethereum,Dune Analytics,https://dune.com,probable,high
0x79f67f689b9925710d4dda2a39d680e9cea61c81,Coinbase,ethereum,Dune Analytics,https://dune.com,probable,high
0xac89df060b1a9598d7b33e48f0af523926f36759,Coinbase,ethereum,Dune Analytics,https://dune.com,probable,high
0x3c4db5abac91c3000bb675a8a1b0daae31947fee,Coinbase,ethereum,Dune Analytics,https://dune.com,probable,high
0x6fa197da931d05788360ec8609e507551d8afa45,Coinbase,ethereum,Dune Analytics,https://dune.com,probable,high
0x6321f9f02d9d56261c8c79131ae74d7b427ccaf5,Coinbase,ethereum,Dune Analytics,https://dune.com,probable,high
0x12fd1ac6c2237776ab04bdcb3dbadf6dfbf7f1b6,Kraken,ethereum,Dune Analytics,https://dune.com,probable,high
0xdfb321988b6a7e0c7f427d3b237591212d8b1005,Kraken,ethereum,Dune Analytics,https://dune.com,probable,high
0x3d447db5366c5ec22079597ff9dec7bf4429a3e4,Kraken,ethereum,Dune Analytics,https://dune.com,probable,high
0x43984d578803891dfa9706bdeee6078d80cfc79e,Kraken,ethereum,Dune Analytics,https://dune.com,probable,high
0x5fe3a42e27efe8ece2ed029021ea77b4fa4782d4,Coinbase,ethereum,Dune Analytics,https://dune.com,probable,high
0x9a7b843e4892e22319e2494097d4e72e8d928921,Coinbase,ethereum,Dune Analytics,https://dune.com,probable,high
0x46d06422b2718ea06042fbfa1c1712bd52896ef3,Coinbase,ethereum,Dune Analytics,https://dune.com,probable,high
0xa7927364e94e162102e7cf2447e33e01fc629e68,Coinbase,ethereum,Dune Analytics,https://dune.com,probable,high
0x66c57bf505a85a74609d2c83e94aabb26d691e1f,Kraken,ethereum,Dune Analytics,https://dune.com,probable,high
0x2d582746709928a6f66f5be9bec195c5b49bc7c1,Kraken,ethereum,Dune Analytics,https://dune.com,probable,high
0xa6715eafe5d215b82cb9e90a9d6c8970a7c90033,Kraken,ethereum,Dune Analytics,https://dune.com,probable,high
0x29728d0efd284d85187362faa2d4d76c2cfc2612,Kraken,ethereum,Dune Analytics,https://dune.com,probable,high
0x92927a664c88449318e14d0fd582c787ae2cd934,Kraken,ethereum,Dune Analytics,https://dune.com,probable,high
0xc538f3351e0b8d3ed53402ea8f316898c160ca29,Kraken,ethereum,Dune Analytics,https://dune.com,probable,high
0x490b1e689ca23be864e55b46bf038e007b528208,Kraken,ethereum,Dune Analytics,https://dune.com,probable,high
0xe80e404cfc2ce9ffc0a30b368b0f963dfc708eb5,Kraken,ethereum,Dune Analytics,https://dune.com,probable,high
0x839787cb401d53d0ba6794ecb78c5199eeac34d7,Kraken,ethereum,Dune Analytics,https://dune.com,probable,high
0x6beb80178a63aee95620f4d30f2e992385ad2207,Kraken,ethereum,Dune Analytics,https://dune.com,probable,high
0x1e4bf013652c59ae6acda550bf49074268b7efa2,Kraken,ethereum,Dune Analytics,https://dune.com,probable,high
0x82a8b86776ecd679c43cfccbb1988e7482ca3f45,Coinbase,ethereum,Dune Analytics,https://dune.com,probable,high
0x9b2c49f34aa754f299f3ff0161041ebf31140f4c,Kraken,ethereum,Dune Analytics,https://dune.com,probable,high
0x310e035d176ccb589511ed16af7ae7bac4fc7f83,Kraken,ethereum,Dune Analytics,https://dune.com,probable,high
0xa4a6a282a7fc7f939e01d62d884355d79f5046c1,Kraken,ethereum,Dune Analytics,https://dune.com,probable,high
0xa25aa6dfbf6d9bbd7a6a9eb47b9f1e57a2bd92d7,Kraken,ethereum,Dune Analytics,https://dune.com,probable,high
0xb93d8596ac840816bd366dc0561e8140afd0d1cb,Coinbase,ethereum,Dune Analytics,https://dune.com,probable,high
0x8bcbf517b67b9d1ab8ff6dddaa743df98d7498a6,Coinbase,ethereum,Dune Analytics,https://dune.com,probable,high
0x5d4a1f65a7b354e35749620200aeb2d5d8ce4867,Coinbase,ethereum,Dune Analytics,https://dune.com,probable,high
0x20fe51a9229eef2cf8ad9e89d91cab9312cf3b7a,Coinbase,ethereum,Dune Analytics,https://dune.com,probable,high
0xd5268a476aadd1a6729df5b3e5e8f2c1004139af,Coinbase,ethereum,Dune Analytics,https://dune.com,probable,high
0xa090e606e30bd747d4e6245a1517ebe430f0057e,Coinbase,ethereum,Dune Analytics,https://dune.com,probable,high
0xe04cf52e9fafa3d9bf14c407afff94165ef835f7,Coinbase,ethereum,Dune Analytics,https://dune.com,probable,high
0xddfabcdc4d8ffc6d5beaf154f18b778f892a0740,Coinbase,ethereum,Dune Analytics,https://dune.com,probable,high
0x624417da5bbdd091f814a49b9cefae2c797a234d,Coinbase,ethereum,Dune Analytics,https://dune.com,probable,high
0x71660c4005ba85c37ccec55d0c4493e66fe775d3,Coinbase,ethereum,Dune Analytics,https://dune.com,probable,high
0x0f71dcff39ab3a817d02b6b3b808ffa21d3f67c1,Coinbase,ethereum,Dune Analytics,https://dune.com,probable,high
0xd65fb7d4cb595833e84c3c094bd4779bab0d4c62,Coinbase,ethereum,Dune Analytics,https://dune.com,probable,high
0x6fd72c7a8d1e521b17f321ec6bfc4f83ff58c1e2,Coinbase,ethereum,Dune Analytics,https://dune.com,probable,high
0x3c246f5f8f705318250c0bc32724a7f75bde54b1,Kraken,ethereum,Dune Analytics,https://dune.com,probable,high
0xfa52274dd61e1643d2205169732f29114bc240b3,Kraken,ethereum,Dune Analytics,https://dune.com,probable,high
0x47445762435054e4b67dfd5a3fc3956a97958af4,Kraken,ethereum,Dune Analytics,https://dune.com,probable,high
0x4acaeac37793e52d298b6cf28f8411c0185b794e,Coinbase,ethereum,Dune Analytics,https://dune.com,probable,high
0x0835e9777d3080be33382566c8eb303c59c24759,Coinbase,ethereum,Dune Analytics,https://dune.com,probable,high
0x595faf77e533a5cd30ab5859c9a0116de8bad8db,Coinbase,ethereum,Dune Analytics,https://dune.com,probable,high
0xd688aea8f7d450909ade10c47faa95707b0682d9,Coinbase,ethereum,Dune Analytics,https://dune.com,probable,high
0x860424e9e243a53383257d152d422b6f59c933a4,Coinbase,ethereum,Dune Analytics,https://dune.com,probable,high
0x4c6007e38ce164ed80ff8ff94192225fcdac68cd,Kraken,ethereum,Dune Analytics,https://dune.com,probable,high
0x8134d518e0cef5388136c0de43d7e12278701ac5,Coinbase,ethereum,Dune Analytics,https://dune.com,probable,high
0xf27daff52c38b2c373ad2b9392652ddf433303c4,Coinbase,ethereum,Dune Analytics,https://dune.com,probable,high
0x0ff46f72b1e8b98342919ff7ecad1e9c59b33977,Coinbase,ethereum,Dune Analytics,https://dune.com,probable,high
0x2ebc2208a019a050015c37cedc54e8c282411bca,Coinbase,ethereum,Dune Analytics,https://dune.com,probable,high
0x0b9eda13de765fff1e3bbda113e815adf93aed7b,Coinbase,ethereum,Dune Analytics,https://dune.com,probable,high
0xd69b42d93af96cf278b1149bffb2d668d0154b7d,Coinbase,ethereum,Dune Analytics,https://dune.com,probable,high
0x58aaf79cb86dd730fa008973d4c4b6fee8fb4d80,Coinbase,ethereum,Dune Analytics,https://dune.com,probable,high
0x42a6b8aa5a34ae6c1bcb7fe3790faa06c09bcbf7,Coinbase,ethereum,Dune Analytics,https://dune.com,probable,high
0x8535d5ed435e405a881545ffb2f8d6b81f6c9d41,Coinbase,ethereum,Dune Analytics,https://dune.com,probable,high
0x19d599012788b991ff542f31208bab21ea38403e,Coinbase,ethereum,Dune Analytics,https://dune.com,probable,high
0x0a869d79a7052c7f1b55a8ebabbea3420f0d1e13,Kraken,ethereum,Dune Analytics,https://dune.com,probable,high
0xb61bb0c3f4afc30b1d8dbcb8767c0e38c4829322,Kraken,ethereum,Dune Analytics,https://dune.com,probable,high
0x4b8a6a3a657ba4568bd582fffe776a325a8616af,Coinbase,ethereum,Dune Analytics,https://dune.com,probable,high
0xc4ca777b37259824a0ce6a97f7b59caf000a301a,Coinbase,ethereum,Dune Analytics,https://dune.com,probable,high
0x181020fb8481217fa5c843f0c4e62a4ea236c4d9,Kraken,ethereum,Dune Analytics,https://dune.com,probable,high
0x34e8ed33d8c1953b33de603b014079c578e01716,Kraken,ethereum,Dune Analytics,https://dune.com,probable,high
0x07fdda8fc50f7df742b850a51e5871135f45b557,Kraken,ethereum,Dune Analytics,https://dune.com,probable,high
0xf1f7648f81f5219c36d75d24d33811f16b426dbe,Kraken,ethereum,Dune Analytics,https://dune.com,probable,high
0x3cd751e6b0078be393132286c442345e5dc49699,Coinbase,ethereum,Dune Analytics,https://dune.com,probable,high
0x2cc5146929a893d1d73bc34fb37815cc1a44ae33,Coinbase,ethereum,Dune Analytics,https://dune.com,probable,high
0x2caafa8cddac8dd753f927d9dd1816ad0063a422,Coinbase,ethereum,Dune Analytics,https://dune.com,probable,high
0x205188a68430e94f80a512038329030c556b50ff,Kraken,ethereum,Dune Analytics,https://dune.com,probable,high
0x6f52730dba7b02beefcaf0d6998c9ae901ea04f9,Coinbase,ethereum,Dune Analytics,https://dune.com,probable,high
0xc070a61d043189d99bbf4baa58226bf0991c7b11,Coinbase,ethereum,Dune Analytics,https://dune.com,probable,high
0xd010d97be4d7be278872e25d02cd6534b0499d17,Coinbase,ethereum,Dune Analytics,https://dune.com,probable,high
0x02330d7966b3ed95c5a01340bbe88598b5367997,Coinbase,ethereum,Dune Analytics,https://dune.com,probable,high
0x6c13399d434e52c88a42a2a0b8bd787f4956166e,Coinbase,ethereum,Dune Analytics,https://dune.com,probable,high
0xf74443ada6c507eb1442acdf7d73be745e4e9868,Coinbase,ethereum,Dune Analytics,https://dune.com,probable,high
0x76a1b88be943bc5dc6c9b641a0835970a2cc2dc4,Coinbase,ethereum,Dune Analytics,https://dune.com,probable,high
0x0a332d03367366dd5fd3a554ef8f8b47ed36e591,Kraken,ethereum,Dune Analytics,https://dune.com,probable,high
0xc06f25517e906b7f9b4dec3c7889503bb00b3370,Kraken,ethereum,Dune Analytics,https://dune.com,probable,high
0xcd0267c7f1a8ad1b6e33b7fb801f8d935f6b557d,Kraken,ethereum,Dune Analytics,https://dune.com,probable,high
0xbe9895146f7af43049ca1c1ae358b0541ea49704,Coinbase,ethereum,Dune Analytics,https://dune.com,probable,high
0xec972cfa7386bbdee6f5610ec65e09133c8671f5,Coinbase,ethereum,Dune Analytics,https://dune.com,probable,high
0xf2f07ef4a923f48fc4d47f0af115f8895177f075,Coinbase,ethereum,Dune Analytics,https://dune.com,probable,high
0x81b044b81beaccff016591e71f4aa43405f2e4b2,Coinbase,ethereum,Dune Analytics,https://dune.com,probable,high
0x99fa9468170a622c8abfde7b19bb84b64a203fbd,Kraken,ethereum,Dune Analytics,https://dune.com,probable,high
0x2910543af39aba0cd09dbb2d50200b3e800a63d2,Kraken,ethereum,Dune Analytics,https://dune.com,probable,high
0x16e48112198b49a14991ae8a9d5eae9e18d4714a,Kraken,ethereum,Dune Analytics,https://dune.com,probable,high
0x561f469012f0ee6f0ea2e851cc02723a82dc331c,Kraken,ethereum,Dune Analytics,https://dune.com,probable,high
0x317128b5cd8ea4e0fb8665b36aa399ea18b7118b,Kraken,ethereum,Dune Analytics,https://dune.com,probable,high
0x8b8cd3560e9e7ad464740cbfe031bf941747b76e,Kraken,ethereum,Dune Analytics,https://dune.com,probable,high
0xc0fce7361f72227972562b3c87812e1dea1c9cac,Kraken,ethereum,Dune Analytics,https://dune.com,probable,high
0xf27182c5568beafb967140286e25807250eacc4c,Coinbase,ethereum,Dune Analytics,https://dune.com,probable,high
0x21236711e0668c231d29813becbe36fda27b240e,Coinbase,ethereum,Dune Analytics,https://dune.com,probable,high
0xeba20d0f74ecc13130579d21bb53d63c96258652,Coinbase,ethereum,Dune Analytics,https://dune.com,probable,high
0x40ebc1ac8d4fedd2e144b75fe9c0420be82750c6,Coinbase,ethereum,Dune Analytics,https://dune.com,probable,high
0xc31e0545fe3de0ed4283e3213a5fc9e5006adc62,Coinbase,ethereum,Dune Analytics,https://dune.com,probable,high
0xf0eefa46ee509eb8fab42f62917db8a93432e2ef,Coinbase,ethereum,Dune Analytics,https://dune.com,probable,high
0xaf80e81ded234d229c0e60237f2d0c97ca315178,Coinbase,ethereum,Dune Analytics,https://dune.com,probable,high
0x90e63c3d53e0ea496845b7a03ec7548b70014a91,Coinbase,ethereum,Dune Analytics,https://dune.com,probable,high
0x0e50f766368ee5cd9286c1d29299766c471b8072,Coinbase,ethereum,Dune Analytics,https://dune.com,probable,high
0x2ee1717f0e49481c72b814e5778815b9fe3d92d1,Coinbase,ethereum,Dune Analytics,https://dune.com,probable,high
0x87a80a12dc5a565dcec4939ebdea1b81bc073658,Coinbase,ethereum,Dune Analytics,https://dune.com,probable,high
0x7217f8a697713f6f7de06cfcd80b76a2cba375f0,Kraken,ethereum,Dune Analytics,https://dune.com,probable,high
0x1f7bc4da1a0c2e49d7ef542f74cd46a3fe592cb1,Kraken,ethereum,Dune Analytics,https://dune.com,probable,high
0x491f5512751f5db45c5415049d423affaae70392,Kraken,ethereum,Dune Analytics,https://dune.com,probable,high
0x8af3827a41c26c7f32c81e93bb66e837e0210d5c,Kraken,ethereum,Dune Analytics,https://dune.com,probable,high
0xf7cd385cb9a442358b892b14301f6310e57cc5c9,Kraken,ethereum,Dune Analytics,https://dune.com,probable,high
0xe84f75fc9caa49876d0ba18d309da4231d44e94d,Kraken,ethereum,Dune Analytics,https://dune.com,probable,high
0x90e8f9cd751f66029a203f865c01baec1ca86c73,Kraken,ethereum,Dune Analytics,https://dune.com,probable,high
0xaddb27092681351a19ceb737214cad46a30176e3,Kraken,ethereum,Dune Analytics,https://dune.com,probable,high
0x23d4df4631aa3ca30653d3c29c0eeef607b1d9fd,Kraken,ethereum,Dune Analytics,https://dune.com,probable,high
0x7db25dfaabc961808b482ea47dc6c26a3cbd5589,Coinbase,ethereum,Dune Analytics,https://dune.com,probable,high
0x4eb9548132c1bcb02fbdddde5d946d558864f76d,Coinbase,ethereum,Dune Analytics,https://dune.com,probable,high
0xe62240a57f0efbf549e278e8058f632af3ea5206,Coinbase,ethereum,Dune Analytics,https://dune.com,probable,high
0xdb3c617cdd2fbf0bb4309c325f47678e37f096d9,Coinbase,ethereum,Dune Analytics,https://dune.com,probable,high
0x8c2dd8cbad62b5ced00855c6291744f0216ac58c,Coinbase,ethereum,Dune Analytics,https://dune.com,probable,high
0xa0dfe02e17b6f82c10bc04fdfc0dec8e8e53b309,Kraken,ethereum,Dune Analytics,https://dune.com,probable,high
0xd8f8a53945bcfbbc19da162aa405e662ef71c40d,Kraken,ethereum,Dune Analytics,https://dune.com,probable,high
0x10eff6869391417bf83770e6245d298ed58ded02,Kraken,ethereum,Dune Analytics,https://dune.com,probable,high
0xec6a3cec61159701a017174d2c0236706f91c94f,Kraken,ethereum,Dune Analytics,https://dune.com,probable,high
0x904383ea20adb9b590360341925c0ea724c8a57f,Coinbase,ethereum,Dune Analytics,https://dune.com,probable,high
0xcd9f1f99bd51ed5a35c9342fbbc96bd6f17f0891,Coinbase,ethereum,Dune Analytics,https://dune.com,probable,high
0x3a050132d1dd00efe8da01b072b7b04c3801ebde,Coinbase,ethereum,Dune Analytics,https://dune.com,probable,high
0xff9fc990ba8a647a37f16decd3f9f30e5a608348,Coinbase,ethereum,Dune Analytics,https://dune.com,probable,high
0xc3cc5fc3ad43fcf1a203265b7179076fa3fa9605,Coinbase,ethereum,Dune Analytics,https://dune.com,probable,high
0x0d87fad42f40b7e465ef45033d35990dede1570a,Coinbase,ethereum,Dune Analytics,https://dune.com,probable,high
0x731307f3b12cc56191ade83ea630a377d9a941f6,Coinbase,ethereum,Dune Analytics,https://dune.com,probable,high
0x7c5fcf4a9ae8fb8570ddea073457c9855d9c1cf5,Coinbase,ethereum,Dune Analytics,https://dune.com,probable,high
0xb82b1a1054d1318cd7d94f35968e7dc8d7745d7a,Coinbase,ethereum,Dune Analytics,https://dune.com,probable,high
0x37cb1d0367788046a6208e461f8f621154626359,Coinbase,ethereum,Dune Analytics,https://dune.com,probable,high
0xa9d1e08c7793af67e9d92fe308d5697fb81d3e43,Coinbase,ethereum,Dune Analytics,https://dune.com,probable,high
0xad3cf3909ad0cf4e9cb2eab0fbc61f1e90833cbb,Coinbase,ethereum,Dune Analytics,https://dune.com,probable,high
0x1ed8b3e4278184675fefa6981dea36f4535df417,Kraken,ethereum,Dune Analytics,https://dune.com,probable,high
0xa1cdbc1a4178c17116bdb56c946e8b0757c8dcec,Kraken,ethereum,Dune Analytics,https://dune.com,probable,high
0x94dbf04e273d87e6d9bed68c616f43bf86560c74,Kraken,ethereum,Dune Analytics,https://dune.com,probable,high
0x8dfee7dbd859989bf3e80c4f64c42b7cd283671b,Kraken,ethereum,Dune Analytics,https://dune.com,probable,high
0x501b86ac0de6958da2f9250194d15d8aae985861,Kraken,ethereum,Dune Analytics,https://dune.com,probable,high
0x9e91e341d2c4342f74d142896c4407e65def0c68,Coinbase,ethereum,Dune Analytics,https://dune.com,probable,high
0x71c35d3ce7cdc7855ec9d4ea0dd0abba91176ed1,Coinbase,ethereum,Dune Analytics,https://dune.com,probable,high
0xa6c7f0f4da642d8b95422753e65ee3c6165826a3,Coinbase,ethereum,Dune Analytics,https://dune.com,probable,high
0x47d43ac7eea761c4959b2a4318e620603be7fd4f,Coinbase,ethereum,Dune Analytics,https://dune.com,probable,high
0x2f04879b1f1cfc4a8ac7574c78684ed18da45dd0,Coinbase,ethereum,Dune Analytics,https://dune.com,probable,high
0x3c1984f10cc306de7c3a8767a8aafcc0944bf5db,Coinbase,ethereum,Dune Analytics,https://dune.com,probable,high
0x3c070dceac7f99aec493de5b56619d71fa31e131,Coinbase,ethereum,Dune Analytics,https://dune.com,probable,high
0x7ead3a4361bd26a20deb89c9470be368ee9cb6f1,Coinbase,ethereum,Dune Analytics,https://dune.com,probable,high
0x335ec2eaf64526bc8bba5030459ed703b71b1c03,Coinbase,ethereum,Dune Analytics,https://dune.com,probable,high
0x34cbd2bf0c0b89af3b66ea44f62554bb656b3ad1,Coinbase,ethereum,Dune Analytics,https://dune.com,probable,high
0xa86309988947559b6e72ef716c5058f479386c0f,Coinbase,ethereum,Dune Analytics,https://dune.com,probable,high
0x55e6513dbcdd1dcaf4c6710ac423c698a56eb68a,Coinbase,ethereum,Dune Analytics,https://dune.com,probable,high
0x0d5b6b2c9b501bbef36d2d8198172c5bd83280e6,Coinbase,ethereum,Dune Analytics,https://dune.com,probable,high
0xd0ad6ed2b2920a5744a064af3d585ee54f528b2f,Kraken,ethereum,Dune Analytics,https://dune.com,probable,high
0xd4039ecc40aeda0582036437cf3ec02845da4c13,Kraken,ethereum,Dune Analytics,https://dune.com,probable,high
0xf4dd9bc7ae7ae04502ec85fb9f4ee0463e905b20,Kraken,ethereum,Dune Analytics,https://dune.com,probable,high
0xec7e38643787f4e971226ce7dad720d12b803b00,Kraken,ethereum,Dune Analytics,https://dune.com,probable,high
0xa2f443492bbb1b041fceee5194e2bc133ecc6407,Kraken,ethereum,Dune Analytics,https://dune.com,probable,high
0xac972a4c5d82e8c42fa13ee338708c9a3f5d5a93,Kraken,ethereum,Dune Analytics,https://dune.com,probable,high
0x93745feeb3c42f6ab0f9890cbce65b360145b4ab,Coinbase,ethereum,Dune Analytics,https://dune.com,probable,high
0x7830c87c02e56aff27fa8ab1241711331fa86f43,Coinbase,ethereum,Dune Analytics,https://dune.com,probable,high
0x7fe81abf17890ff0f010a6086a63d90d3ed81efe,Coinbase,ethereum,Dune Analytics,https://dune.com,probable,high
0xe7ee701bdaa5b446c985bfecc8933f3e5eeed867,Coinbase,ethereum,Dune Analytics,https://dune.com,probable,high
0xf45a300a5b7b3099ae11673559a6a81656b5dba4,Coinbase,ethereum,Dune Analytics,https://dune.com,probable,high
0xa2b57dd51c464e863a5efc70c8116ec46791e38f,Coinbase,ethereum,Dune Analytics,https://dune.com,probable,high
0x07837cebe3e35d2bd176bef88b537cb2fda6ace8,Coinbase,ethereum,Dune Analytics,https://dune.com,probable,high
0x2bc7c910c3ff28c2725128078ecc6412638de45b,Coinbase,ethereum,Dune Analytics,https://dune.com,probable,high
0x3eb9845b9c8f835ad130456f8dab6aef79af5272,Coinbase,ethereum,Dune Analytics,https://dune.com,probable,high
0xb042a4d45861d1a03d6a35903934614c5e372180,Coinbase,ethereum,Dune Analytics,https://dune.com,probable,high
0x6f46cf5569aefa1acc1009290c8e043747172d89,Coinbase,ethereum,Dune Analytics,https://dune.com,probable,high
0xe0b50a87ae35e3f7a87f1c3904d53bd93d29f1d1,Coinbase,ethereum,Dune Analytics,https://dune.com,probable,high
0xd839c179a4606f46abd7a757f7bb77d7593ae249,Coinbase,ethereum,Dune Analytics,https://dune.com,probable,high
0xa4ffe11ec05b066d87762bc03f6b6728ab16811f,Coinbase,ethereum,Dune Analytics,https://dune.com,probable,high
0xca3ac4f946b997db24515a7ae7779f2e587d5a26,Coinbase,ethereum,Dune Analytics,https://dune.com,probable,high
0x2a877632b49b017ce17c771d692af1d3442b36ae,Coinbase,ethereum,Dune Analytics,https://dune.com,probable,high
0x09bd4daa146dd9f03f0f955c429e4e1b388e3fd5,Coinbase,ethereum,Dune Analytics,https://dune.com,probable,high
0x81257264ace1e9923cf87e58176987d0b4fe0892,Coinbase,ethereum,Dune Analytics,https://dune.com,probable,high
0x5ca6488ecf405ad272275fabdf493fbce609764f,Coinbase,ethereum,Dune Analytics,https://dune.com,probable,high
0xd451e3919950963e9c1ca2f78a987dbd7937c0fb,Coinbase,ethereum,Dune Analytics,https://dune.com,probable,high
0x31c937157efa4c7b7390571f01b476922e43b10a,Coinbase,ethereum,Dune Analytics,https://dune.com,probable,high
0xba594c942110627675322cf994cbffa5b3b07451,Coinbase,ethereum,Dune Analytics,https://dune.com,probable,high
0x36b0ca172da5a33201efdc398acf9dde8f29d69a,Coinbase,ethereum,Dune Analytics,https://dune.com,probable,high
0x38024b883c72f23d6d6c1f3f869034e849e8b121,Coinbase,ethereum,Dune Analytics,https://dune.com,probable,high
0x26a78d5b6d7a7aceedd1e6ee3229b372a624d8b7,Kraken,ethereum,Dune Analytics,https://dune.com,probable,high
0x14af4dc16c65fd0c43937d7c6fc8f443da29d0bb,Kraken,ethereum,Dune Analytics,https://dune.com,probable,high
0xa7872e5841a9bc7dc2341693c37172015fc63042,Kraken,ethereum,Dune Analytics,https://dune.com,probable,high
0x736f94dc0c5616063f01e3f5b822d152f38feb96,Kraken,ethereum,Dune Analytics,https://dune.com,probable,high
0xa939bffb33bed18dc0063737cb9ea41a1fdb2fe3,Kraken,ethereum,Dune Analytics,https://dune.com,probable,high
0x39ed68f2087dca23f76792eca8f39508e74d82e5,Kraken,ethereum,Dune Analytics,https://dune.com,probable,high
0x73183c36e0ca0647e1ee2764b9024033bc5483c3,Coinbase,ethereum,Dune Analytics,https://dune.com,probable,high
0x48f86ae9f2f8b21e49f5b98cc4066fb421a39ab0,Coinbase,ethereum,Dune Analytics,https://dune.com,probable,high
0x804cbb1fe6d4152059b0336f9e62b5d118d9c608,Coinbase,ethereum,Dune Analytics,https://dune.com,probable,high
0xbf5501587128acee17a0b0e7774aa2c954a343e2,Coinbase,ethereum,Dune Analytics,https://dune.com,probable,high
0xbe3c68821d585cf1552214897a1c091014b1eb0a,Coinbase,ethereum,Dune Analytics,https://dune.com,probable,high
0x0b44611b8ae632be05f24ffe64651f050402ae01,Coinbase,ethereum,Dune Analytics,https://dune.com,probable,high
0x14af92363379f3548958f9de1fb2e6e5df74476e,Coinbase,ethereum,Dune Analytics,https://dune.com,probable,high
0x417404de28e4b3d75a2340ff95a749b84deddc6f,Coinbase,ethereum,Dune Analytics,https://dune.com,probable,high
0x069d07e9ff579c9c478af4878fcb87f17bf2733f,Coinbase,ethereum,Dune Analytics,https://dune.com,probable,high
0xedc7001e99a37c3d23b5f7974f837387e09f9c93,Coinbase,ethereum,Dune Analytics,https://dune.com,probable,high
0x7ed53f6e3de6b2b4156fa8e618506e60d8e65843,Coinbase,ethereum,Dune Analytics,https://dune.com,probable,high
0x211b8d2eb72dbb6382bf08acd1328099f962ff6f,Coinbase,ethereum,Dune Analytics,https://dune.com,probable,high
0x618a9141045db7b2e28b3edda56bfbeee0e65ec1,Kraken,ethereum,Dune Analytics,https://dune.com,probable,high
0x90e18a6920985dbacc3d76cf27a3f2131923c720,Coinbase,ethereum,Dune Analytics,https://dune.com,probable,high
0x33ae106bc06effa33e6db5813b619710f2dfb5d4,Coinbase,ethereum,Dune Analytics,https://dune.com,probable,high
0x5ffc99b5b23c5ab8f463f6090342879c286a29be,Coinbase,ethereum,Dune Analytics,https://dune.com,probable,high
0x7aa85c264a613925a756a9d901c31c7e25979537,Coinbase,ethereum,Dune Analytics,https://dune.com,probable,high
0xceb69f6342ece283b2f5c9088ff249b5d0ae66ea,Coinbase,ethereum,Dune Analytics,https://dune.com,probable,high
0x48ffe213fa4c657c3d534d586a95ea33549dd142,Coinbase,ethereum,Dune Analytics,https://dune.com,probable,high
0x760dce7ea6e8ba224bffbeb8a7ff4dd1ef122bff,Coinbase,ethereum,Dune Analytics,https://dune.com,probable,high
0x6ad18dd6682e99b0201a3b18f403ae566a51ce28,Coinbase,ethereum,Dune Analytics,https://dune.com,probable,high
0x0a74db66f8248554d406832e305555043fe3bfd7,Coinbase,ethereum,Dune Analytics,https://dune.com,probable,high
0xe1597df1f0e1920f7a296cef27babb40baeeabfc,Coinbase,ethereum,Dune Analytics,https://dune.com,probable,high
0x80cf6275294bddce597789c855691cf4cdf01386,Coinbase,ethereum,Dune Analytics,https://dune.com,probable,high
0xc7bf35c9a3bdd1b1c19a6963de669cb45191a019,Coinbase,ethereum,Dune Analytics,https://dune.com,probable,high
0x35aa5495f0d686fbb8318abeb5e42ec1da9bb0ce,Coinbase,ethereum,Dune Analytics,https://dune.com,probable,high
0x114c5be8151419fd30048299836d6685f5535884,Coinbase,ethereum,Dune Analytics,https://dune.com,probable,high
0x7c195d981abfdc3ddecd2ca0fed0958430488e34,Coinbase,ethereum,Dune Analytics,https://dune.com,probable,high
0x3d2e397f94e415d7773e72e44d5b5338a99e77d9,Coinbase,ethereum,Dune Analytics,https://dune.com,probable,high
0x69b90c1d460f9e263a43272564892c00eb040962,Coinbase,ethereum,Dune Analytics,https://dune.com,probable,high
0xcf63fc571adcec4fd4a750ecacc3af1f5b748101,Coinbase,ethereum,Dune Analytics,https://dune.com,probable,high
0xad7be7ab77e4e3ef9c18df32d2f71c98d715f129,Coinbase,ethereum,Dune Analytics,https://dune.com,probable,high
0xc141279e7168984c99dbc079a86d18605c30901e,Coinbase,ethereum,Dune Analytics,https://dune.com,probable,high
0xbc1373482071bec7421699d3a9a5a0e6066470e9,Coinbase,ethereum,Dune Analytics,https://dune.com,probable,high
0x54d4f4932a68c8f90806c09518d7b5a4f8d36e73,Coinbase,ethereum,Dune Analytics,https://dune.com,probable,high
0xd58fbd9ed67bd84dd8154761147173b52ed55308,Coinbase,ethereum,Dune Analytics,https://dune.com,probable,high
0x452746603bcdbd77b3789c0ec1bea316aafc9f8f,Coinbase,ethereum,Dune Analytics,https://dune.com,probable,high
0xc27c52de4e294eafbfede1521088f4e073c42fd2,Kraken,ethereum,Dune Analytics,https://dune.com,probable,high
0x6eebda76e452f2f95867d56b70f1224148bf6bfc,Kraken,ethereum,Dune Analytics,https://dune.com,probable,high
0xe1498a9ef5c6aa51790a642f70c31238326b1724,Kraken,ethereum,Dune Analytics,https://dune.com,probable,high
0xf72d20ff0972a36b01412cddda0bb1ba1a9d3d93,Kraken,ethereum,Dune Analytics,https://dune.com,probable,high
0xa83b11093c858c86321fbc4c20fe82cdbd58e09e,Kraken,ethereum,Dune Analytics,https://dune.com,probable,high
0xe6f5b8d420a8427e1718aa53bda05fc741a76fb6,Kraken,ethereum,Dune Analytics,https://dune.com,probable,high
0xe853c56864a2ebe4576a807d26fdc4a0ada51919,Kraken,ethereum,Dune Analytics,https://dune.com,probable,high
0xe62e39a62672b54928ec3bce10fd0368a628afbc,Kraken,ethereum,Dune Analytics,https://dune.com,probable,high
0x8f9c79b9de8b0713dcac3e535fc5a1a92db6ea2d,Kraken,ethereum,Dune Analytics,https://dune.com,probable,high
0x6c92e0e6a9984c0f44677f678e8fc10bebe3de64,Kraken,ethereum,Dune Analytics,https://dune.com,probable,high
0xe6a02eefc2612b13f2b3b914009576ce5495ec0e,Kraken,ethereum,Dune Analytics,https://dune.com,probable,high
0xb5d85cbf7cb3ee0d56b3bb207d5fc4b82f43f511,Coinbase,ethereum,Dune Analytics,https://dune.com,probable,high
0x28e71d0b7f7f29106a1be2a5b289cab331e7b56f,Coinbase,ethereum,Dune Analytics,https://dune.com,probable,high
0xdc3937008ff58f991e97e218e0aeaf9e9374a48a,Coinbase,ethereum,Dune Analytics,https://dune.com,probable,high
0x18701bc17d54b38b71023b0510f9765985fdb53c,Coinbase,ethereum,Dune Analytics,https://dune.com,probable,high
0xc6bed363b30df7f35b601a5547fe56cd31ec63da,Kraken,ethereum,Dune Analytics,https://dune.com,probable,high
0xe1688074bf6eff74f77466159bd5506f6ea3635d,Kraken,ethereum,Dune Analytics,https://dune.com,probable,high
0x6d0cf1f651f5ae585d24dcaa188d44e389e93d26,Kraken,ethereum,Dune Analytics,https://dune.com,probable,high
0xb739d0895772dbb71a89a3754a160269068f0d45,Coinbase,ethereum,Dune Analytics,https://dune.com,probable,high
0x69e2f5cc36b788c35b4a8fb1a827f3fd32d62469,Coinbase,ethereum,Dune Analytics,https://dune.com,probable,high
0xd09f4caee8b4b2a08008b8ba86a6076c4bad1142,Coinbase,ethereum,Dune Analytics,https://dune.com,probable,high
0x267be1c1d684f78cb4f6a176c4911b741e4ffdc0,Kraken,ethereum,Dune Analytics,https://dune.com,probable,high
0xfbfc7a458017c1566ecf87cb746c7ca915a79f7f,Kraken,ethereum,Dune Analytics,https://dune.com,probable,high
0x5c5f75b6fba2903adf66c7bddcea99b4cce44a8a,Kraken,ethereum,Dune Analytics,https://dune.com,probable,high
0x5360c1e24d2367ddbe9e2c6af0f93535e824ada8,Kraken,ethereum,Dune Analytics,https://dune.com,probable,high
0x35639fa8e29159e51425d050a7ec9ffcd0b545a8,Kraken,ethereum,Dune Analytics,https://dune.com,probable,high
0xb604f2d512eaa32e06f1ac40362bc9157ce5da96,Kraken,ethereum,Dune Analytics,https://dune.com,probable,high
0x88a8832f4fb9cd3c807d832f7618c779224254b7,Coinbase,ethereum,Dune Analytics,https://dune.com,probable,high
0x0fde51251d436783f11970b3d16aec5cb0145cde,Coinbase,ethereum,Dune Analytics,https://dune.com,probable,high
0x8ce6fbd8fe08770087d98f929f07786417de5db5,Coinbase,ethereum,Dune Analytics,https://dune.com,probable,high
0x28c5b0445d0728bc25f143f8eba5c5539fae151a,Coinbase,ethereum,Dune Analytics,https://dune.com,probable,high
0xabfe11c8b2f32b45110cf25f17677e844ff0fc08,Coinbase,ethereum,Dune Analytics,https://dune.com,probable,high
0x9dcaf485e72f812dee725ce64b6667a7a83f73dd,Coinbase,ethereum,Dune Analytics,https://dune.com,probable,high
0x72812e21f33de611e674ec18d60554ac895b1eee,Kraken,ethereum,Dune Analytics,https://dune.com,probable,high
0x5203aeaaee721195707b01e613b6c3259b3a5cf6,Kraken,ethereum,Dune Analytics,https://dune.com,probable,high
0x5e4b4fd3ae1507febe0ac1c77f43641a71efba56,Kraken,ethereum,Dune Analytics,https://dune.com,probable,high
0x1d0065d367da1919cd597d25f91a97b6039428c5,Kraken,ethereum,Dune Analytics,https://dune.com,probable,high
0xcdc8488e63a403bfd580222ea0f3719477bfea9c,Kraken,ethereum,Dune Analytics,https://dune.com,probable,high
0x21ba9d82ac862daace296bc6467efce8e3190f1c,Kraken,ethereum,Dune Analytics,https://dune.com,probable,high
0x22af984f13dfb5c80145e3f9ee1050ae5a5fb651,Kraken,ethereum,Dune Analytics,https://dune.com,probable,high
0x95a9bd206ae52c4ba8eecfc93d18eacdd41c88cc,Coinbase,ethereum,Dune Analytics,https://dune.com,probable,high
0x898f293e97d59b375939ec3654ac548be2759d41,Coinbase,ethereum,Dune Analytics,https://dune.com,probable,high
0xc2dd39847ea6052c5a91abd967676a7844973eb9,Coinbase,ethereum,Dune Analytics,https://dune.com,probable,high
0xb4807865a786e9e9e26e6a9610f2078e7fc507fb,Coinbase,ethereum,Dune Analytics,https://dune.com,probable,high
0x71beefcf9f31872ccec0bc9789f211609685205a,Kraken,ethereum,Dune Analytics,https://dune.com,probable,high
0xd23629a6622bbd1f2a3e7d65c715d79e68273876,Kraken,ethereum,Dune Analytics,https://dune.com,probable,high
0x3bef9fb8df3d641f5f8578a8b84ef9f6d94a59b6,Kraken,ethereum,Dune Analytics,https://dune.com,probable,high
0xd88545d0034c245857d1523bb4e8686bced9bb85,Kraken,ethereum,Dune Analytics,https://dune.com,probable,high
0x4541502fdd6a8f232ad53a1ccb8ccb98042bbef1,Kraken,ethereum,Dune Analytics,https://dune.com,probable,high
0x26c1df84f7917c5d90f1d8d744b0caaf1ae3fa11,Kraken,ethereum,Dune Analytics,https://dune.com,probable,high
0x9b6276e01de77a4d6fc99acbf62cb8684c92e6ec,Kraken,ethereum,Dune Analytics,https://dune.com,probable,high
0x8e82c551f4f1bbc8802800d5ed8de03c0be845de,Kraken,ethereum,Dune Analytics,https://dune.com,probable,high
0x6a68d4acff1a1dacc80e4ae653543e0d2402803e,Kraken,ethereum,Dune Analytics,https://dune.com,probable,high
0x97065f80ba0675383589809de3f0f00ff4de80eb,Kraken,ethereum,Dune Analytics,https://dune.com,probable,high
0x6491d7752a332d7b0587b6164f39bdc0d62a9a9f,Kraken,ethereum,Dune Analytics,https://dune.com,probable,high
0xadae2f3b0db76cb3eafe76a8bf99b93f099c140a,Kraken,ethereum,Dune Analytics,https://dune.com,probable,high
0xe9f7ecae3a53d2a67105292894676b00d1fab785,Kraken,ethereum,Dune Analytics,https://dune.com,probable,high
0xfd387b7ddea5880beeee5664d547cd2da614df8d,Kraken,ethereum,Dune Analytics,https://dune.com,probable,high
0x3c73ef921cfa5ce70831f360f978bd197f6a1771,Coinbase,ethereum,Dune Analytics,https://dune.com,probable,high
0x9620e530995d4b497f16652419dbb60f7834010a,Coinbase,ethereum,Dune Analytics,https://dune.com,probable,high
0x05e3a758fdd29d28435019ac453297ea37b61b62,Coinbase,ethereum,Dune Analytics,https://dune.com,probable,high
0x19ab546e77d0cd3245b2aad46bd80dc4707d6307,Coinbase,ethereum,Dune Analytics,https://dune.com,probable,high
0xb23c002bc65c6bb539aad4c11d606ef4f5502c93,Kraken,ethereum,Dune Analytics,https://dune.com,probable,high
0x7c628430e0702847cf4ec7211c80314e46db4c87,Kraken,ethereum,Dune Analytics,https://dune.com,probable,high
0x9c2bd617b77961ee2c5e3038dfb0c822cb75d82a,Kraken,ethereum,Dune Analytics,https://dune.com,probable,high
0x8c1323c2bc755030582c7f2d131c14296df8d30d,Coinbase,ethereum,Dune Analytics,https://dune.com,probable,high
0xa14d57f5ea867572b0d239798d2c1dde13153902,Coinbase,ethereum,Dune Analytics,https://dune.com,probable,high
0x4a797a6fa930118b9bc267911751241b8c514faa,Coinbase,ethereum,Dune Analytics,https://dune.com,probable,high
0x503828976d22510aad0201ac7ec88293211d23da,Coinbase,ethereum,Dune Analytics,https://dune.com,probable,high
0xb0fa34c866e1e1e7030820b4f846bb58d6f75b04,Coinbase,ethereum,Dune Analytics,https://dune.com,probable,high
0x03e0e3190a815b1f7a6415fb9df042d45e0af501,Coinbase,ethereum,Dune Analytics,https://dune.com,probable,high
0x9a1ed80ebc9936cee2d3db944ee6bd8d407e7f9f,Coinbase,ethereum,Dune Analytics,https://dune.com,probable,high
0xa3682fe8fd73b90a7564585a436ec2d2aeb612ee,Coinbase,ethereum,Dune Analytics,https://dune.com,probable,high
0x563537412ad5d49faa7fa442b9193b8238d98c3c,Coinbase,ethereum,Dune Analytics,https://dune.com,probable,high
0x46a359199c302aac6b680634551b5c0a6ffcdeac,Coinbase,ethereum,Dune Analytics,https://dune.com,probable,high
0x7d69fd776b727e74857d4857a7dd5e3967887208,Coinbase,ethereum,Dune Analytics,https://dune.com,probable,high
0x4a99c70850294a76eaf2583cb006d17e2abf5ce8,Coinbase,ethereum,Dune Analytics,https://dune.com,probable,high
0x2ec90c4a7c4cc64d7f662ccb9d5ef94d3e556860,Coinbase,ethereum,Dune Analytics,https://dune.com,probable,high
0x707e8eaf4c1586fea01f8fd0242daac009d4f60e,Coinbase,ethereum,Dune Analytics,https://dune.com,probable,high
0x3caf154ef6178c1c87e0df411913bb0ef2c3b228,Coinbase,ethereum,Dune Analytics,https://dune.com,probable,high
0x1ff9e1818688daf19c673b7e29f6acead7e987a9,Coinbase,ethereum,Dune Analytics,https://dune.com,probable,high
0xfedac45de308e24b8282193c512f029250943d8a,Kraken,ethereum,Dune Analytics,https://dune.com,probable,high
0x7a2e4aa4f2f6ab66594fff84dcabac67fb9773c8,Kraken,ethereum,Dune Analytics,https://dune.com,probable,high
0x829e3c7781a6ac8cd864cd8437a664ec07da75a8,Coinbase,ethereum,Dune Analytics,https://dune.com,probable,high
0x6b76f8b1e9e59913bfe758821887311ba1805cab,Coinbase,ethereum,Dune Analytics,https://dune.com,probable,high
0x5eb8825ca3cc1d3ac309abac112e97e90dbdc5e3,Coinbase,ethereum,Dune Analytics,https://dune.com,probable,high
0xe3d6d8bcdc4eb4e24ad7523d98c394960e8c1d32,Coinbase,ethereum,Dune Analytics,https://dune.com,probable,high
0x082923d3b46ac98f734f9fc2a76d8bf7b2074e59,Coinbase,ethereum,Dune Analytics,https://dune.com,probable,high
0x441cacfd43856409b163b90e094bb42aeb70a70e,Coinbase,ethereum,Dune Analytics,https://dune.com,probable,high
0x881d4032abe4188e2237efcd27ab435e81fc6bb1,Coinbase,ethereum,Dune Analytics,https://dune.com,probable,high
0xd6974e28ecee4005a4d03c4c6ed0aac71fb46b94,Coinbase,ethereum,Dune Analytics,https://dune.com,probable,high
0x784c1fb954ad66b7070ba71ab74d29745676151c,Coinbase,ethereum,Dune Analytics,https://dune.com,probable,high
0xd356e0857bd5711be2155b3d352d5699d555d9ce,Coinbase,ethereum,Dune Analytics,https://dune.com,probable,high
0xf481b7fab9f5d0e74f21ae595a749634fb053619,Coinbase,ethereum,Dune Analytics,https://dune.com,probable,high
0x05613ea65680e6076d1490dd2e90a68e71fe734b,Coinbase,ethereum,Dune Analytics,https://dune.com,probable,high
0xb930776e755d470b023df39006e8eb13336f47b8,Kraken,ethereum,Dune Analytics,https://dune.com,probable,high
0x53d284357ec70ce289d6d64134dfac8e511c8a3d,Kraken,ethereum,Dune Analytics,https://dune.com,probable,high
0x2c7c03cf85ec621bf997e425f550a6683d6d60f3,Kraken,ethereum,Dune Analytics,https://dune.com,probable,high
0x24c65132cded9e5b356a62d4cea59a8b3f0bd7f4,Kraken,ethereum,Dune Analytics,https://dune.com,probable,high
0xf103ddb6005736f3bb0d959f1419656792f9807d,Kraken,ethereum,Dune Analytics,https://dune.com,probable,high
0x735fd3c55a8be1aeb3544c7e29eba3ea23500a1c,Kraken,ethereum,Dune Analytics,https://dune.com,probable,high
0x555e179d64335945fc6b155b7235a31b0a595542,Kraken,ethereum,Dune Analytics,https://dune.com,probable,high
0xfa820671257a3bf42379c7c4deeaf2f05500a3e4,Kraken,ethereum,Dune Analytics,https://dune.com,probable,high
0x9ee32359b180ff684a315053e418aaf223932cb9,Kraken,ethereum,Dune Analytics,https://dune.com,probable,high
0x2989be98cd0d84d492e4b2410301b4b4be4f7a70,Kraken,ethereum,Dune Analytics,https://dune.com,probable,high
0xe850b7c87f66371035e184c72d4b99e7b2ca4865,Kraken,ethereum,Dune Analytics,https://dune.com,probable,high
0x80a7d049189ed345c56ba2ef4949aa40b136ccbf,Coinbase,ethereum,Dune Analytics,https://dune.com,probable,high
0x01dbcbd257ce4332b570deba15b803337b0e9eee,Coinbase,ethereum,Dune Analytics,https://dune.com,probable,high
0xbd87e285840477f297016019a8b1669f6c96b2ca,Coinbase,ethereum,Dune Analytics,https://dune.com,probable,high
0xca122e4f0ef0200d52bd62bc1f0b5cc468dce1be,Coinbase,ethereum,Dune Analytics,https://dune.com,probable,high
0x91d66b38ae24292e9e12dd962bbb3aecf4ab769a,Coinbase,ethereum,Dune Analytics,https://dune.com,probable,high
0x6aac5e7c12d3c9259cff8e10b5bbdb1064c382a5,Coinbase,ethereum,Dune Analytics,https://dune.com,probable,high
0x229eee9e5b241e52e4d13aae128fe44b5873f740,Kraken,ethereum,Dune Analytics,https://dune.com,probable,high
0xfba18a1f22bc30f2e071d88ee58f8de9fc0f62fa,Coinbase,ethereum,Dune Analytics,https://dune.com,probable,high
0x87cd2828979817757b4a7607dd04def4957ef437,Coinbase,ethereum,Dune Analytics,https://dune.com,probable,high
0x9cf674f00b6bf61012393174913b7818cd2fc508,Coinbase,ethereum,Dune Analytics,https://dune.com,probable,high
0x0ff64c53d295533a37f913bb78be9e2adc78f5fe,Coinbase,ethereum,Dune Analytics,https://dune.com,probable,high
0x0bf5ec06f44e9aa068732b1c203f007855a5eed8,Coinbase,ethereum,Dune Analytics,https://dune.com,probable,high
0xf6874c88757721a02f47592140905c4336dfbc61,Coinbase,ethereum,Dune Analytics,https://dune.com,probable,high
0xeb2629a2734e272bcc07bda959863f316f4bd4cf,Coinbase,ethereum,Dune Analytics,https://dune.com,probable,high
0xa818c01c2fdf04f24f8d6bda3512e901f33a575e,Coinbase,ethereum,Dune Analytics,https://dune.com,probable,high
0xb35d425a3f49c49181ef8e72583efb070b54202e,Coinbase,ethereum,Dune Analytics,https://dune.com,probable,high
0x9fabd6e7eb55af696736b1d16730ab7ff14af58a,Coinbase,ethereum,Dune Analytics,https://dune.com,probable,high
0x9d67adc2cc190d6a0378d52fac55319d8e0d6aed,Coinbase,ethereum,Dune Analytics,https://dune.com,probable,high
0x1e281846fdaa56819d7ff0203bfdee6c2ef75fa9,Coinbase,ethereum,Dune Analytics,https://dune.com,probable,high
0xe5d6e9c76cd4972c3f5884edda8c4214318552bd,Coinbase,ethereum,Dune Analytics,https://dune.com,probable,high
0x6c37a68dbb44c3f437d15dc405c67bf5778b8637,Coinbase,ethereum,Dune Analytics,https://dune.com,probable,high
0xb8487eed31cf5c559bf3f4edd166b949553d0d11,Coinbase,ethereum,Dune Analytics,https://dune.com,probable,high
0xb19d4c6a270b5e737483588da1b943b01e59dc47,Coinbase,ethereum,Dune Analytics,https://dune.com,probable,high
0xcd531ae9efcce479654c4926dec5f6209531ca7b,Coinbase,ethereum,Dune Analytics,https://dune.com,probable,high
0xc803fd4aa37d4af52c9a5bdda5e62163f5cec859,Coinbase,ethereum,Dune Analytics,https://dune.com,probable,high
0xed9b8f05224b881a222ece2e20bd2f4bdb71d0f8,Kraken,ethereum,Dune Analytics,https://dune.com,probable,high
0x2b8efcb849316b060a1c86498470f967d3184a2c,Kraken,ethereum,Dune Analytics,https://dune.com,probable,high
0x79990a901281bee059bb3f4d7db477f7495e2049,Kraken,ethereum,Dune Analytics,https://dune.com,probable,high
0x1fb661181c0dde01a66f5fdeb722640e3accfc34,Coinbase,ethereum,Dune Analytics,https://dune.com,probable,high
0x281055afc982d96fab65b3a49cac8b878184cb16,Coinbase,ethereum,Dune Analytics,https://dune.com,probable,high
0x3f1137cf8e6468669959c3b99a9250a400a76574,Coinbase,ethereum,Dune Analytics,https://dune.com,probable,high
0x75590f473d2a7b377c1ba991790900f28532f329,Coinbase,ethereum,Dune Analytics,https://dune.com,probable,high
0x7e59903fcc0815738ae444e1449dcba9a344c102,Coinbase,ethereum,Dune Analytics,https://dune.com,probable,high
0x221cec08c3df34763eed468705dc779cbe750ceb,Coinbase,ethereum,Dune Analytics,https://dune.com,probable,high
0x1846deb34cc19c11e7ddf0de48b13fd1f231ca7f,Coinbase,ethereum,Dune Analytics,https://dune.com,probable,high
0x7fba67199ec67af97cc036963a23087809810b63,Coinbase,ethereum,Dune Analytics,https://dune.com,probable,high
0x5c70b6d4d2ee0ce6edafed66e71db0ee1e91461f,Coinbase,ethereum,Dune Analytics,https://dune.com,probable,high
0xd55c1ae0e52918c864616dd5ffba6c50b8fbe39e,Coinbase,ethereum,Dune Analytics,https://dune.com,probable,high
0xe0e65c40bcb1225d4ab3a13f3a9e21abbd83f9d0,Coinbase,ethereum,Dune Analytics,https://dune.com,probable,high
0xe3aac971590635f601ea751096f11343c70ebadf,Coinbase,ethereum,Dune Analytics,https://dune.com,probable,high
0x77696bb39917c91a0c3908d577d5e322095425ca,Coinbase,ethereum,Dune Analytics,https://dune.com,probable,high
0x52cf9132b4847591881c09fcdc79c0e90f4c753d,Kraken,ethereum,Dune Analytics,https://dune.com,probable,high
0xce27fc71139d02f9a3d5cc1356add185750660ac,Kraken,ethereum,Dune Analytics,https://dune.com,probable,high
0xda9dfa130df4de4673b89022ee50ff26f6ea73cf,Kraken,ethereum,Dune Analytics,https://dune.com,probable,high
0x10593a64b7b7bb0ea29b8c01f1619ca8ff294b2f,Kraken,ethereum,Dune Analytics,https://dune.com,probable,high
0x1d0e8445694a22f34334ad1ade6271ecde76db63,Kraken,ethereum,Dune Analytics,https://dune.com,probable,high
0x108a745ce1faea55ebc09aa217b554a7a7e865b2,Kraken,ethereum,Dune Analytics,https://dune.com,probable,high
0x2bb41971b9c23d612ebecc10a8037e0322de5c37,Kraken,ethereum,Dune Analytics,https://dune.com,probable,high
0x3b3d891d9e4e150330b527306c70e3efa5620539,Kraken,ethereum,Dune Analytics,https://dune.com,probable,high
0x8a108e4761386c94b8d2f98a5ffe13e472cfe76a,Kraken,ethereum,Dune Analytics,https://dune.com,probable,high
0x8b973a304138eca1936d77ac07980840c5775258,Kraken,ethereum,Dune Analytics,https://dune.com,probable,high
0xa39fed0345d617370b740d63e0a019a202b04f2e,Kraken,ethereum,Dune Analytics,https://dune.com,probable,high
0xf510dde022a655e7e3189cdf67687e7ffcd80d91,Kraken,ethereum,Dune Analytics,https://dune.com,probable,high
0xf050257f16a466f7d3926a38e830589ab539ee88,Kraken,ethereum,Dune Analytics,https://dune.com,probable,high
0xa24787320ede4cc19d800bf87b41ab9539c4da9d,Kraken,ethereum,Dune Analytics,https://dune.com,probable,high
0x808e5374106e820ae54662fcf8a5e3cca6afa13d,Kraken,ethereum,Dune Analytics,https://dune.com,probable,high
0x0ef6aeb825dc4c9983d551f8afefaae9d79165c6,Kraken,ethereum,Dune Analytics,https://dune.com,probable,high
0x3ff7215004fea03c2c745e0476e3f412050e04d1,Kraken,ethereum,Dune Analytics,https://dune.com,probable,high
0x04d4876932c7c375efcaeb7ae0ad00591acf09f6,Coinbase,ethereum,Dune Analytics,https://dune.com,probable,high
0xf586704c4a00088d5bf128aba0244409bb849677,Coinbase,ethereum,Dune Analytics,https://dune.com,probable,high
0x02a50cb5e39c3991278d357c966edce781e118ce,Coinbase,ethereum,Dune Analytics,https://dune.com,probable,high
0x4fd166478b440fb2a0bc64321ec35ed48f9cdb16,Coinbase,ethereum,Dune Analytics,https://dune.com,probable,high
0xcad50671877eb564d42ddd76b5fec46ac60ef1bd,Coinbase,ethereum,Dune Analytics,https://dune.com,probable,high
0xf4f9ef2d331194d2e8a840e77ddc9832dac2b4ab,Coinbase,ethereum,Dune Analytics,https://dune.com,probable,high
0x17c358503e8f0a0322b304ffc0390b08a0de0fa3,Kraken,ethereum,Dune Analytics,https://dune.com,probable,high
0x00d3c53b1ec47932c25595ba2e53e9db20fc7364,Kraken,ethereum,Dune Analytics,https://dune.com,probable,high
0x9da5812111dcbd65ff9b736874a89751a4f0a2f8,Kraken,ethereum,Dune Analytics,https://dune.com,probable,high
0x6b6fade7dd698f4bc30048b3c53cb4a6a9d808ed,Kraken,ethereum,Dune Analytics,https://dune.com,probable,high
0xa102a06fa1abd8105a6e9965281539099adc7d7c,Coinbase,ethereum,Dune Analytics,https://dune.com,probable,high
0x88d9b2fb5fd9f5e0395c065205e83e7ee461802f,Coinbase,ethereum,Dune Analytics,https://dune.com,probable,high
0x0efb879e9cc0ed546c487df0a150be8fffd0608e,Coinbase,ethereum,Dune Analytics,https://dune.com,probable,high
0xb3be595ab898568567d08b3f179443a19e034d50,Kraken,ethereum,Dune Analytics,https://dune.com,probable,high
0x2c04af9362797bdc4b182e29e0c58440411a4481,Kraken,ethereum,Dune Analytics,https://dune.com,probable,high
0xf47b5defcd9642accf321f38c4ed319e4efeb47c,Kraken,ethereum,Dune Analytics,https://dune.com,probable,high
0x1a6fc5abd6d15fa3673784da167db7f80b90e472,Kraken,ethereum,Dune Analytics,https://dune.com,probable,high
0xe7178ad747f2c12ab1f8332e61cf6e756815d5c6,Kraken,ethereum,Dune Analytics,https://dune.com,probable,high
0xae2d4617c862309a3d75a0ffb358c7a5009c673f,Kraken,ethereum,Dune Analytics,https://dune.com,probable,high
0xa054611c5b224a5f4ce93ac2a5f8d0ed17813402,Kraken,ethereum,Dune Analytics,https://dune.com,probable,high
0x001866ae5b3de6caa5a51543fd9fb64f524f5478,Binance,ethereum,cex-list,https://github.com/tradezon/cex-list,verified,high
0x00799bbc833d5b168f0410312d2a8fd9e0e3079c,Binance,ethereum,cex-list,https://github.com/tradezon/cex-list,verified,high
0x043a80999cee3711d372fb878768909fbe7f71e6,Binance,ethereum,cex-list+eth-labels,https://github.com/tradezon/cex-list,verified,high
0x0681d8db095565fe8a346fa0277bffde9c0edbbf,Binance,ethereum,cex-list,https://github.com/tradezon/cex-list,verified,high
0x06a0048079ec6571cd1b537418869cde6191d42d,Binance,ethereum,cex-list,https://github.com/tradezon/cex-list,verified,high
0x1074253202528777561f83817d413e91bfa671d4,Binance,ethereum,cex-list,https://github.com/tradezon/cex-list,verified,high
0x141fef8cd8397a390afe94846c8bd6f4ab981c48,Binance,ethereum,cex-list,https://github.com/tradezon/cex-list,verified,high
0x15ece0d7de25436bcfcf3d62a9085ddc7838aee9,Binance,ethereum,cex-list,https://github.com/tradezon/cex-list,verified,high
0x170c7c38419767816cc7ec519da67d1a4dc43826,Binance,ethereum,cex-list,https://github.com/tradezon/cex-list,verified,high
0x19184ab45c40c2920b0e0e31413b9434abd243ed,Binance,ethereum,cex-list+eth-labels,https://github.com/tradezon/cex-list,verified,high
0x21a31ee1afc51d94c2efccaa2092ad1028285549,Binance,ethereum,cex-list,https://github.com/tradezon/cex-list,verified,high
0x28c6c06298d514db089934071355e5743bf21d60,Binance,ethereum,cex-list,https://github.com/tradezon/cex-list,verified,high
0x2e581a5ae722207aa59acd3939771e7c7052dd3d,Binance,ethereum,cex-list,https://github.com/tradezon/cex-list,verified,high
0x2f47a1c2db4a3b78cda44eade915c3b19107ddcc,Binance,ethereum,cex-list,https://github.com/tradezon/cex-list,verified,high
0x2f7e209e0f5f645c7612d7610193fe268f118b28,Binance,ethereum,cex-list,https://github.com/tradezon/cex-list,verified,high
0x345d8e3a1f62ee6b1d483890976fd66168e390f2,Binance,ethereum,cex-list,https://github.com/tradezon/cex-list,verified,high
0x3f5ce5fbfe3e9af3971dd833d26ba9b5c936f0be,Binance,ethereum,cex-list,https://github.com/tradezon/cex-list,verified,high
0x47ac0fb4f2d84898e4d9e7b4dab3c24507a6d503,Binance,ethereum,cex-list,https://github.com/tradezon/cex-list,verified,high
0x4d9ff50ef4da947364bb9650892b2554e7be5e2b,Binance,ethereum,cex-list,https://github.com/tradezon/cex-list,verified,high
0x4e9ce36e442e55ecd9025b9a6e0d88485d628a67,Binance,ethereum,cex-list,https://github.com/tradezon/cex-list,verified,high
0x4fabb145d64652a948d72533023f6e7a623c7c53,Binance,ethereum,cex-list+eth-labels,https://github.com/tradezon/cex-list,verified,high
0x50d669f43b484166680ecc3670e4766cdb0945ce,Binance,ethereum,cex-list,https://github.com/tradezon/cex-list,verified,high
0x564286362092d8e7936f0549571a803b203aaced,Binance,ethereum,cex-list,https://github.com/tradezon/cex-list,verified,high
0x5d7f34372fa8708e09689d400a613eee67f75543,Binance,ethereum,cex-list,https://github.com/tradezon/cex-list,verified,high
0x5a52e96bacdabb82fd05763e25335261b270efcb,Binance,ethereum,cex-list,https://github.com/tradezon/cex-list,verified,high
0x61189da79177950a7272c88c6058b96d4bcd6be2,Binance,ethereum,cex-list,https://github.com/tradezon/cex-list,verified,high
0x708396f17127c42383e3b9014072679b2f60b82f,Binance,ethereum,cex-list,https://github.com/tradezon/cex-list,verified,high
0x892e9e24aea3f27f4c6e9360e312cce93cc98ebe,Binance,ethereum,cex-list,https://github.com/tradezon/cex-list,verified,high
0x8b99f3660622e21f2910ecca7fbe51d654a1517d,Binance,ethereum,cex-list+eth-labels,https://github.com/tradezon/cex-list,verified,high
0x8f22f2063d253846b53609231ed80fa571bc0c8f,Binance,ethereum,cex-list,https://github.com/tradezon/cex-list,verified,high
0x8f80c66c70cbc52009babb04c1cadf9b40109289,Binance,ethereum,cex-list,https://github.com/tradezon/cex-list,verified,high
0x9430801ebaf509ad49202aabc5f5bc6fd8a3daf8,Binance,ethereum,cex-list,https://github.com/tradezon/cex-list,verified,high
0x9696f59e4d72e237be84ffd425dcad154bf96976,Binance,ethereum,cex-list,https://github.com/tradezon/cex-list,verified,high
0xab83d182f3485cf1d6ccdd34c7cfef95b4c08da4,Binance,ethereum,cex-list+eth-labels,https://github.com/tradezon/cex-list,verified,high
0xb3f923eabaf178fc1bd8e13902fc5c61d3ddef5b,Binance,ethereum,cex-list,https://github.com/tradezon/cex-list,verified,high
0xbe0eb53f46cd790cd13851d5eff43d12404d33e8,Binance,ethereum,cex-list+eth-labels,https://github.com/tradezon/cex-list,verified,high
0xbdd75a97c29294ff805fb2fee65abd99492b32a8,Binance,ethereum,cex-list,https://github.com/tradezon/cex-list,verified,high
0xc3c8e0a39769e2308869f7461364ca48155d1d9e,Binance,ethereum,cex-list,https://github.com/tradezon/cex-list,verified,high
0xc9a2c4868f0f96faaa739b59934dc9cb304112ec,Binance,ethereum,cex-list,https://github.com/tradezon/cex-list,verified,high
0xd551234ae421e3bcba99a0da6d736074f22192ff,Binance,ethereum,cex-list,https://github.com/tradezon/cex-list,verified,high
0xdfd5293d8e347dfe59e90efd55b2956a1343963d,Binance,ethereum,cex-list,https://github.com/tradezon/cex-list,verified,high
0xe0f0cfde7ee664943906f17f7f14342e76a5cec7,Binance,ethereum,cex-list,https://github.com/tradezon/cex-list,verified,high
0xa344c7ada83113b3b56941f6e85bf2eb425949f3,Binance,ethereum,cex-list,https://github.com/tradezon/cex-list,verified,high
0xc365c3315cf926351ccaf13fa7d19c8c4058c8e1,Binance,ethereum,cex-list+eth-labels,https://github.com/tradezon/cex-list,verified,high
0xd88b55467f58af508dbfdc597e8ebd2ad2de49b3,Binance,ethereum,cex-list,https://github.com/tradezon/cex-list,verified,high
0xd9d93951896b4ef97d251334ef2a0e39f6f6d7d7,Binance,ethereum,cex-list,https://github.com/tradezon/cex-list,verified,high
0xfe9e8709d3215310075d67e3ed32a380ccf451c8,Binance,ethereum,cex-list,https://github.com/tradezon/cex-list,verified,high
